#Release 14.7 - par P.20131013 (lin64)
#Copyright (c) 1995-2013 Xilinx, Inc.  All rights reserved.

#Tue Feb 25 18:22:44 2014

#
## NOTE: This file is designed to be imported into a spreadsheet program
# such as Microsoft Excel for viewing, printing and sorting. The |
# character is used as the data field separator. This file is also designed
# to support parsing.
#
#INPUT FILE:       leon3mp.ncd
#OUTPUT FILE:      leon3mp_pad.csv
#PART TYPE:        xc7a100t
#SPEED GRADE:      -2
#PACKAGE:          csg324
#
# Pinout by Pin Number:
# 
# -----,-----,-----,-----,-----,-----,-----,-----,-----,-----,-----,-----,-----,-----,-----,
Pin Number,Signal Name,Pin Usage,Pin Name,Direction,IO Standard,IO Bank Number,Drive (mA),Slew Rate,Termination,IOB Delay,Voltage,Constraint,IO Register,Signal Integrity,
A1,,IOB33S,IO_L9N_T1_DQS_AD7N_35,UNUSED,,35,,,,,,,,,
A2,,,GND,,,,,,,,,,,,
A3,,IOB33S,IO_L8N_T1_AD14N_35,UNUSED,,35,,,,,,,,,
A4,,IOB33M,IO_L8P_T1_AD14P_35,UNUSED,,35,,,,,,,,,
A5,,IOB33S,IO_L3N_T0_DQS_AD5N_35,UNUSED,,35,,,,,,,,,
A6,,IOB33M,IO_L3P_T0_DQS_AD5P_35,UNUSED,,35,,,,,,,,,
A7,,,VCCO_35,,,35,,,,,3.30,,,,
A8,PhyTxd(1),IOB33,IO_L12N_T1_MRCC_16,OUTPUT,LVCMOS33,16,12,SLOW,,,,LOCATED,YES,NONE,
A9,PhyMdio,IOB33,IO_L14N_T2_SRCC_16,BIDIR,LVCMOS33,16,12,SLOW,,NONE,,LOCATED,YES,NONE,
A10,PhyTxd(0),IOB33,IO_L14P_T2_SRCC_16,OUTPUT,LVCMOS33,16,12,SLOW,,,,LOCATED,YES,NONE,
A11,,IOB33S,IO_L4N_T0_15,UNUSED,,15,,,,,,,,,
A12,,,GND,,,,,,,,,,,,
A13,,IOB33M,IO_L9P_T1_DQS_AD3P_15,UNUSED,,15,,,,,,,,,
A14,,IOB33S,IO_L9N_T1_DQS_AD3N_15,UNUSED,,15,,,,,,,,,
A15,,IOB33M,IO_L8P_T1_AD10P_15,UNUSED,,15,,,,,,,,,
A16,,IOB33S,IO_L8N_T1_AD10N_15,UNUSED,,15,,,,,,,,,
A17,,,VCCO_15,,,15,,,,,3.30,,,,
A18,,IOB33S,IO_L10N_T1_AD11N_15,UNUSED,,15,,,,,,,,,
B1,,IOB33M,IO_L9P_T1_DQS_AD7P_35,UNUSED,,35,,,,,,,,,
B2,,IOB33S,IO_L10N_T1_AD15N_35,UNUSED,,35,,,,,,,,,
B3,PhyRstn,IOB33,IO_L10P_T1_AD15P_35,OUTPUT,LVCMOS33,35,12,SLOW,,,,LOCATED,YES,NONE,
B4,,IOB33S,IO_L7N_T1_AD6N_35,UNUSED,,35,,,,,,,,,
B5,,,GND,,,,,,,,,,,,
B6,,IOB33S,IO_L2N_T0_AD12N_35,UNUSED,,35,,,,,,,,,
B7,,IOB33M,IO_L2P_T0_AD12P_35,UNUSED,,35,,,,,,,,,
B8,,IOB33M,IO_L12P_T1_MRCC_16,UNUSED,,16,,,,,,,,,
B9,PhyTxEn,IOB33,IO_L11N_T1_SRCC_16,OUTPUT,LVCMOS33,16,12,SLOW,,,,LOCATED,YES,NONE,
B10,,,VCCO_16,,,16,,,,,3.30,,,,
B11,,IOB33M,IO_L4P_T0_15,UNUSED,,15,,,,,,,,,
B12,,IOB33S,IO_L3N_T0_DQS_AD1N_15,UNUSED,,15,,,,,,,,,
B13,,IOB33M,IO_L2P_T0_AD8P_15,UNUSED,,15,,,,,,,,,
B14,,IOB33S,IO_L2N_T0_AD8N_15,UNUSED,,15,,,,,,,,,
B15,,,GND,,,,,,,,,,,,
B16,,IOB33M,IO_L7P_T1_AD2P_15,UNUSED,,15,,,,,,,,,
B17,,IOB33S,IO_L7N_T1_AD2N_15,UNUSED,,15,,,,,,,,,
B18,,IOB33M,IO_L10P_T1_AD11P_15,UNUSED,,15,,,,,,,,,
C1,,IOB33S,IO_L16N_T2_35,UNUSED,,35,,,,,,,,,
C2,,IOB33M,IO_L16P_T2_35,UNUSED,,35,,,,,,,,,
C3,,,VCCO_35,,,35,,,,,3.30,,,,
C4,RsRx,IOB33,IO_L7P_T1_AD6P_35,INPUT,LVCMOS33,35,,,,NONE,,LOCATED,YES,NONE,
C5,,IOB33S,IO_L1N_T0_AD4N_35,UNUSED,,35,,,,,,,,,
C6,,IOB33M,IO_L1P_T0_AD4P_35,UNUSED,,35,,,,,,,,,
C7,,IOB33S,IO_L4N_T0_35,UNUSED,,35,,,,,,,,,
C8,,,GND,,,,,,,,,,,,
C9,PhyMdc,IOB33,IO_L11P_T1_SRCC_16,OUTPUT,LVCMOS33,16,12,SLOW,,,,LOCATED,YES,NONE,
C10,,IOB33S,IO_L13N_T2_MRCC_16,UNUSED,,16,,,,,,,,,
C11,PhyRxd(1),IOB33,IO_L13P_T2_MRCC_16,INPUT,LVCMOS33,16,,,,NONE,,LOCATED,YES,NONE,
C12,btnCpuResetn,IOB33,IO_L3P_T0_DQS_AD1P_15,INPUT,LVCMOS33,15,,,,NONE,,LOCATED,NO,NONE,
C13,,,VCCO_15,,,15,,,,,3.30,,,,
C14,,IOB33S,IO_L1N_T0_AD0N_15,UNUSED,,15,,,,,,,,,
C15,,IOB33S,IO_L12N_T1_MRCC_15,UNUSED,,15,,,,,,,,,
C16,,IOB33M,IO_L20P_T3_A20_15,UNUSED,,15,,,,,,,,,
C17,,IOB33S,IO_L20N_T3_A19_15,UNUSED,,15,,,,,,,,,
C18,,,GND,,,,,,,,,,,,
D1,,,GND,,,,,,,,,,,,
D2,,IOB33S,IO_L14N_T2_SRCC_35,UNUSED,,35,,,,,,,,,
D3,,IOB33S,IO_L12N_T1_MRCC_35,UNUSED,,35,,,,,,,,,
D4,RsTx,IOB33,IO_L11N_T1_SRCC_35,OUTPUT,LVCMOS33,35,12,SLOW,,,,LOCATED,YES,NONE,
D5,PhyClk50Mhz,IOB33,IO_L11P_T1_SRCC_35,OUTPUT,LVCMOS33,35,12,SLOW,,,,LOCATED,NO,NONE,
D6,,,VCCO_35,,,35,,,,,3.30,,,,
D7,,IOB33S,IO_L6N_T0_VREF_35,UNUSED,,35,,,,,,,,,
D8,,IOB33M,IO_L4P_T0_35,UNUSED,,35,,,,,,,,,
D9,PhyCrs,IOB33,IO_L6N_T0_VREF_16,INPUT,LVCMOS33,16,,,,NONE,,LOCATED,YES,NONE,
D10,PhyRxd(0),IOB33,IO_L19N_T3_VREF_16,INPUT,LVCMOS33,16,,,,NONE,,LOCATED,YES,NONE,
D11,,,GND,,,,,,,,,,,,
D12,,IOB33M,IO_L6P_T0_15,UNUSED,,15,,,,,,,,,
D13,,IOB33S,IO_L6N_T0_VREF_15,UNUSED,,15,,,,,,,,,
D14,,IOB33M,IO_L1P_T0_AD0P_15,UNUSED,,15,,,,,,,,,
D15,,IOB33M,IO_L12P_T1_MRCC_15,UNUSED,,15,,,,,,,,,
D16,,,VCCO_15,,,15,,,,,3.30,,,,
D17,,IOB33S,IO_L16N_T2_A27_15,UNUSED,,15,,,,,,,,,
D18,,IOB33S,IO_L21N_T3_DQS_A18_15,UNUSED,,15,,,,,,,,,
E1,,IOB33S,IO_L18N_T2_35,UNUSED,,35,,,,,,,,,
E2,,IOB33M,IO_L14P_T2_SRCC_35,UNUSED,,35,,,,,,,,,
E3,clk,IOB33,IO_L12P_T1_MRCC_35,INPUT,LVCMOS33,35,,,,NONE,,LOCATED,NO,NONE,
E4,,,GND,,,,,,,,,,,,
E5,,IOB33S,IO_L5N_T0_AD13N_35,UNUSED,,35,,,,,,,,,
E6,,IOB33M,IO_L5P_T0_AD13P_35,UNUSED,,35,,,,,,,,,
E7,,IOB33M,IO_L6P_T0_35,UNUSED,,35,,,,,,,,,
E8,,,VCCBATT_0,,,,,,,,,,,,
E9,,,CCLK_0,,,,,,,,,,,,
E10,,,TCK_0,,,,,,,,,,,,
E11,,,TDI_0,,,,,,,,,,,,
E12,,,TMS_0,,,,,,,,,,,,
E13,,,TDO_0,,,,,,,,,,,,
E14,,,GND,,,,,,,,,,,,
E15,,IOB33M,IO_L11P_T1_SRCC_15,UNUSED,,15,,,,,,,,,
E16,btn(0),IOB33,IO_L11N_T1_SRCC_15,INPUT,LVCMOS33,15,,,,NONE,,LOCATED,NO,NONE,
E17,,IOB33M,IO_L16P_T2_A28_15,UNUSED,,15,,,,,,,,,
E18,,IOB33M,IO_L21P_T3_DQS_15,UNUSED,,15,,,,,,,,,
F1,,IOB33M,IO_L18P_T2_35,UNUSED,,35,,,,,,,,,
F2,,,VCCO_35,,,35,,,,,3.30,,,,
F3,,IOB33S,IO_L13N_T2_MRCC_35,UNUSED,,35,,,,,,,,,
F4,,IOB33M,IO_L13P_T2_MRCC_35,UNUSED,,35,,,,,,,,,
F5,,IOB33,IO_0_35,UNUSED,,35,,,,,,,,,
F6,,IOB33S,IO_L19N_T3_VREF_35,UNUSED,,35,,,,,,,,,
F7,,,GND,,,,,,,,,,,,
F8,,,VCCINT,,,,,,,,1.0,,,,
F9,,,GND,,,,,,,,,,,,
F10,,,VCCBRAM,,,,,,,,,,,,
F11,,,GND,,,,,,,,,,,,
F12,,,VCCAUX,,,,,,,,1.8,,,,
F13,,IOB33M,IO_L5P_T0_AD9P_15,UNUSED,,15,,,,,,,,,
F14,,IOB33S,IO_L5N_T0_AD9N_15,UNUSED,,15,,,,,,,,,
F15,btn(1),IOB33,IO_L14P_T2_SRCC_15,INPUT,LVCMOS33,15,,,,NONE,,LOCATED,NO,NONE,
F16,,IOB33S,IO_L14N_T2_SRCC_15,UNUSED,,15,,,,,,,,,
F17,,,GND,,,,,,,,,,,,
F18,data(8),IOB33,IO_L22N_T3_A16_15,BIDIR,LVCMOS33,15,12,SLOW,,NONE,,LOCATED,YES,NONE,
G1,,IOB33S,IO_L17N_T2_35,UNUSED,,35,,,,,,,,,
G2,,IOB33S,IO_L15N_T2_DQS_35,UNUSED,,35,,,,,,,,,
G3,,IOB33S,IO_L20N_T3_35,UNUSED,,35,,,,,,,,,
G4,,IOB33M,IO_L20P_T3_35,UNUSED,,35,,,,,,,,,
G5,,,VCCO_35,,,35,,,,,3.30,,,,
G6,,IOB33M,IO_L19P_T3_35,UNUSED,,35,,,,,,,,,
G7,,,VCCINT,,,,,,,,1.0,,,,
G8,,,GND,,,,,,,,,,,,
G9,,,VCCINT,,,,,,,,1.0,,,,
G10,,,GND,,,,,,,,,,,,
G11,,,VCCBRAM,,,,,,,,,,,,
G12,,,GND,,,,,,,,,,,,
G13,,IOB33,IO_0_15,UNUSED,,15,,,,,,,,,
G14,,IOB33S,IO_L15N_T2_DQS_ADV_B_15,UNUSED,,15,,,,,,,,,
G15,,,VCCO_15,,,15,,,,,3.30,,,,
G16,,IOB33S,IO_L13N_T2_MRCC_15,UNUSED,,15,,,,,,,,,
G17,data(10),IOB33,IO_L18N_T2_A23_15,BIDIR,LVCMOS33,15,12,SLOW,,NONE,,LOCATED,YES,NONE,
G18,data(9),IOB33,IO_L22P_T3_A17_15,BIDIR,LVCMOS33,15,12,SLOW,,NONE,,LOCATED,YES,NONE,
H1,,IOB33M,IO_L17P_T2_35,UNUSED,,35,,,,,,,,,
H2,,IOB33M,IO_L15P_T2_DQS_35,UNUSED,,35,,,,,,,,,
H3,,,GND,,,,,,,,,,,,
H4,,IOB33S,IO_L21N_T3_DQS_35,UNUSED,,35,,,,,,,,,
H5,,IOB33S,IO_L24N_T3_35,UNUSED,,35,,,,,,,,,
H6,,IOB33M,IO_L24P_T3_35,UNUSED,,35,,,,,,,,,
H7,,,GND,,,,,,,,,,,,
H8,,,VCCINT,,,,,,,,1.0,,,,
H9,,,GNDADC_0,,,,,,,,,,,,
H10,,,VCCADC_0,,,,,,,,,,,,
H11,,,GND,,,,,,,,,,,,
H12,,,VCCAUX,,,,,,,,1.8,,,,
H13,,,GND,,,,,,,,,,,,
H14,RamOE,IOB33,IO_L15P_T2_DQS_15,OUTPUT,LVCMOS33,15,12,SLOW,,,,LOCATED,YES,NONE,
H15,address(2),IOB33,IO_L19N_T3_A21_VREF_15,OUTPUT,LVCMOS33,15,12,SLOW,,,,LOCATED,YES,NONE,
H16,address(4),IOB33,IO_L13P_T2_MRCC_15,OUTPUT,LVCMOS33,15,12,SLOW,,,,LOCATED,YES,NONE,
H17,address(1),IOB33,IO_L18P_T2_A24_15,OUTPUT,LVCMOS33,15,12,SLOW,,,,LOCATED,YES,NONE,
H18,,,VCCO_15,,,15,,,,,3.30,,,,
J1,,,VCCO_35,,,35,,,,,3.30,,,,
J2,,IOB33S,IO_L22N_T3_35,UNUSED,,35,,,,,,,,,
J3,,IOB33M,IO_L22P_T3_35,UNUSED,,35,,,,,,,,,
J4,,IOB33M,IO_L21P_T3_DQS_35,UNUSED,,35,,,,,,,,,
J5,,IOB33,IO_25_35,UNUSED,,35,,,,,,,,,
J6,,,GND,,,,,,,,,,,,
J7,,,VCCINT,,,,,,,,1.0,,,,
J8,,,GND,,,,,,,,,,,,
J9,,,VREFN_0,,,,,,,,,,,,
J10,,IPAD,VP_0,UNUSED,,0,,,,,,,,,
J11,,,VCCINT,,,,,,,,1.0,,,,
J12,,,GND,,,,,,,,,,,,
J13,RamUB,IOB33,IO_L17N_T2_A25_15,OUTPUT,LVCMOS33,15,12,SLOW,,,,LOCATED,YES,NONE,
J14,RamCRE,IOB33,IO_L19P_T3_A22_15,OUTPUT,LVCMOS33,15,12,SLOW,,,,LOCATED,NO,NONE,
J15,RamLB,IOB33,IO_L24N_T3_RS0_15,OUTPUT,LVCMOS33,15,12,SLOW,,,,LOCATED,YES,NONE,
J16,,,GND,,,,,,,,,,,,
J17,address(3),IOB33,IO_L23P_T3_FOE_B_15,OUTPUT,LVCMOS33,15,12,SLOW,,,,LOCATED,YES,NONE,
J18,address(0),IOB33,IO_L23N_T3_FWE_B_15,OUTPUT,LVCMOS33,15,12,SLOW,,,,LOCATED,YES,NONE,
K1,,IOB33S,IO_L23N_T3_35,UNUSED,,35,,,,,,,,,
K2,,IOB33M,IO_L23P_T3_35,UNUSED,,35,,,,,,,,,
K3,,IOB33M,IO_L2P_T0_34,UNUSED,,34,,,,,,,,,
K4,,,VCCO_34,,,34,,,,,3.30,,,,
K5,,IOB33M,IO_L5P_T0_34,UNUSED,,34,,,,,,,,,
K6,,IOB33,IO_0_34,UNUSED,,34,,,,,,,,,
K7,,,GND,,,,,,,,,,,,
K8,,,VCCINT,,,,,,,,1.0,,,,
K9,,IPAD,VN_0,UNUSED,,0,,,,,,,,,
K10,,,VREFP_0,,,,,,,,,,,,
K11,,,GND,,,,,,,,,,,,
K12,,,VCCAUX,,,,,,,,1.8,,,,
K13,address(6),IOB33,IO_L17P_T2_A26_15,OUTPUT,LVCMOS33,15,12,SLOW,,,,LOCATED,YES,NONE,
K14,,,VCCO_15,,,15,,,,,3.30,,,,
K15,address(5),IOB33,IO_L24P_T3_RS1_15,OUTPUT,LVCMOS33,15,12,SLOW,,,,LOCATED,YES,NONE,
K16,,IOB33,IO_25_15,UNUSED,,15,,,,,,,,,
K17,,IOB33M,IO_L1P_T0_D00_MOSI_14,UNUSED,,14,,,,,,,,,
K18,,IOB33S,IO_L1N_T0_D01_DIN_14,UNUSED,,14,,,,,,,,,
L1,,IOB33M,IO_L1P_T0_34,UNUSED,,34,,,,,,,,,
L2,,,GND,,,,,,,,,,,,
L3,,IOB33S,IO_L2N_T0_34,UNUSED,,34,,,,,,,,,
L4,,IOB33S,IO_L5N_T0_34,UNUSED,,34,,,,,,,,,
L5,,IOB33S,IO_L6N_T0_VREF_34,UNUSED,,34,,,,,,,,,
L6,,IOB33M,IO_L6P_T0_34,UNUSED,,34,,,,,,,,,
L7,,,VCCINT,,,,,,,,1.0,,,,
L8,,,GND,,,,,,,,,,,,
L9,,,DXN_0,,,,,,,,,,,,
L10,,,DXP_0,,,,,,,,,,,,
L11,,,VCCINT,,,,,,,,1.0,,,,
L12,,,GND,,,,,,,,,,,,
L13,,IOB33M,IO_L6P_T0_FCS_B_14,UNUSED,,14,,,,,,,,,
L14,,IOB33M,IO_L2P_T0_D02_14,UNUSED,,14,,,,,,,,,
L15,,IOB33M,IO_L3P_T0_DQS_PUDC_B_14,UNUSED,,14,,,,,,,,,
L16,,IOB33S,IO_L3N_T0_DQS_EMCCLK_14,UNUSED,,14,,,,,,,,,
L17,,,VCCO_14,,,14,,,,,3.30,,,,
L18,RamCE,IOB33,IO_L4P_T0_D04_14,OUTPUT,LVCMOS33,14,12,SLOW,,,,LOCATED,YES,NONE,
M1,,IOB33S,IO_L1N_T0_34,UNUSED,,34,,,,,,,,,
M2,,IOB33S,IO_L4N_T0_34,UNUSED,,34,,,,,,,,,
M3,,IOB33M,IO_L4P_T0_34,UNUSED,,34,,,,,,,,,
M4,,IOB33M,IO_L16P_T2_34,UNUSED,,34,,,,,,,,,
M5,,,GND,,,,,,,,,,,,
M6,,IOB33M,IO_L18P_T2_34,UNUSED,,34,,,,,,,,,
M7,,,GND,,,,,,,,,,,,
M8,,,VCCINT,,,,,,,,1.0,,,,
M9,,,GND,,,,,,,,,,,,
M10,,,VCCINT,,,,,,,,1.0,,,,
M11,,,GND,,,,,,,,,,,,
M12,,,VCCAUX,,,,,,,,1.8,,,,
M13,address(17),IOB33,IO_L6N_T0_D08_VREF_14,OUTPUT,LVCMOS33,14,12,SLOW,,,,LOCATED,YES,NONE,
M14,,IOB33S,IO_L2N_T0_D03_14,UNUSED,,14,,,,,,,,,
M15,,,GND,,,,,,,,,,,,
M16,address(21),IOB33,IO_L10P_T1_D14_14,OUTPUT,LVCMOS33,14,12,SLOW,,,,LOCATED,YES,NONE,
M17,data(12),IOB33,IO_L10N_T1_D15_14,BIDIR,LVCMOS33,14,12,SLOW,,NONE,,LOCATED,YES,NONE,
M18,data(11),IOB33,IO_L4N_T0_D05_14,BIDIR,LVCMOS33,14,12,SLOW,,NONE,,LOCATED,YES,NONE,
N1,,IOB33S,IO_L3N_T0_DQS_34,UNUSED,,34,,,,,,,,,
N2,,IOB33M,IO_L3P_T0_DQS_34,UNUSED,,34,,,,,,,,,
N3,,,VCCO_34,,,34,,,,,3.30,,,,
N4,,IOB33S,IO_L16N_T2_34,UNUSED,,34,,,,,,,,,
N5,,IOB33M,IO_L13P_T2_MRCC_34,UNUSED,,34,,,,,,,,,
N6,,IOB33S,IO_L18N_T2_34,UNUSED,,34,,,,,,,,,
N7,,,VCCINT,,,,,,,,1.0,,,,
N8,,,GND,,,,,,,,,,,,
N9,,,VCCINT,,,,,,,,1.0,,,,
N10,,,GND,,,,,,,,,,,,
N11,,,VCCINT,,,,,,,,1.0,,,,
N12,,,GND,,,,,,,,,,,,
N13,,,VCCO_14,,,14,,,,,3.30,,,,
N14,address(15),IOB33,IO_L8P_T1_D11_14,OUTPUT,LVCMOS33,14,12,SLOW,,,,LOCATED,YES,NONE,
N15,address(7),IOB33,IO_L11P_T1_SRCC_14,OUTPUT,LVCMOS33,14,12,SLOW,,,,LOCATED,YES,NONE,
N16,address(16),IOB33,IO_L11N_T1_SRCC_14,OUTPUT,LVCMOS33,14,12,SLOW,,,,LOCATED,YES,NONE,
N17,data(14),IOB33,IO_L9P_T1_DQS_14,BIDIR,LVCMOS33,14,12,SLOW,,NONE,,LOCATED,YES,NONE,
N18,,,GND,,,,,,,,,,,,
P1,,,GND,,,,,,,,,,,,
P2,Led(15),IOB33,IO_L15P_T2_DQS_34,OUTPUT,LVCMOS33,34,12,SLOW,,,,LOCATED,NO,NONE,
P3,sw(14),IOB33,IO_L14N_T2_SRCC_34,INPUT,LVCMOS33,34,,,,NONE,,LOCATED,NO,NONE,
P4,sw(15),IOB33,IO_L14P_T2_SRCC_34,INPUT,LVCMOS33,34,,,,NONE,,LOCATED,NO,NONE,
P5,Led(12),IOB33,IO_L13N_T2_MRCC_34,OUTPUT,LVCMOS33,34,12,SLOW,,,,LOCATED,NO,NONE,
P6,,,VCCO_34,,,34,,,,,3.30,,,,
P7,,,INIT_B_0,,,,,,,,,,,,
P8,,,CFGBVS_0,,,,,,,,,,,,
P9,,,PROGRAM_B_0,,,,,,,,,,,,
P10,,,DONE_0,,,,,,,,,,,,
P11,,,M2_0,,,,,,,,,,,,
P12,,,M0_0,,,,,,,,,,,,
P13,,,M1_0,,,,,,,,,,,,
P14,address(12),IOB33,IO_L8N_T1_D12_14,OUTPUT,LVCMOS33,14,12,SLOW,,,,LOCATED,YES,NONE,
P15,,IOB33M,IO_L13P_T2_MRCC_14,UNUSED,,14,,,,,,,,,
P16,,,VCCO_14,,,14,,,,,3.30,,,,
P17,data(15),IOB33,IO_L12P_T1_MRCC_14,BIDIR,LVCMOS33,14,12,SLOW,,NONE,,LOCATED,YES,NONE,
P18,data(13),IOB33,IO_L9N_T1_DQS_D13_14,BIDIR,LVCMOS33,14,12,SLOW,,NONE,,LOCATED,YES,NONE,
R1,Led(11),IOB33,IO_L17P_T2_34,OUTPUT,LVCMOS33,34,12,SLOW,,,,LOCATED,NO,NONE,
R2,Led(14),IOB33,IO_L15N_T2_DQS_34,OUTPUT,LVCMOS33,34,12,SLOW,,,,LOCATED,NO,NONE,
R3,sw(13),IOB33,IO_L11P_T1_SRCC_34,INPUT,LVCMOS33,34,,,,NONE,,LOCATED,NO,NONE,
R4,,,GND,,,,,,,,,,,,
R5,sw(4),IOB33,IO_L19N_T3_VREF_34,INPUT,LVCMOS33,34,,,,NONE,,LOCATED,NO,NONE,
R6,sw(3),IOB33,IO_L19P_T3_34,INPUT,LVCMOS33,34,,,,NONE,,LOCATED,NO,NONE,
R7,sw(2),IOB33,IO_L23P_T3_34,INPUT,LVCMOS33,34,,,,NONE,,LOCATED,NO,NONE,
R8,Led(2),IOB33,IO_L24P_T3_34,OUTPUT,LVCMOS33,34,12,SLOW,,,,LOCATED,YES,NONE,
R9,,,VCCO_0,,,0,,,,,any******,,,,
R10,btn(4),IOB33,IO_25_14,INPUT,LVCMOS33,14,,,,NONE,,LOCATED,NO,NONE,
R11,RamWE,IOB33,IO_0_14,OUTPUT,LVCMOS33,14,12,SLOW,,,,LOCATED,YES,NONE,
R12,data(0),IOB33,IO_L5P_T0_D06_14,BIDIR,LVCMOS33,14,12,SLOW,,NONE,,LOCATED,YES,NONE,
R13,data(3),IOB33,IO_L5N_T0_D07_14,BIDIR,LVCMOS33,14,12,SLOW,,NONE,,LOCATED,YES,NONE,
R14,,,GND,,,,,,,,,,,,
R15,address(14),IOB33,IO_L13N_T2_MRCC_14,OUTPUT,LVCMOS33,14,12,SLOW,,,,LOCATED,YES,NONE,
R16,,IOB33M,IO_L15P_T2_DQS_RDWR_B_14,UNUSED,,14,,,,,,,,,
R17,data(5),IOB33,IO_L12N_T1_MRCC_14,BIDIR,LVCMOS33,14,12,SLOW,,NONE,,LOCATED,YES,NONE,
R18,data(7),IOB33,IO_L7P_T1_D09_14,BIDIR,LVCMOS33,14,12,SLOW,,NONE,,LOCATED,YES,NONE,
T1,sw(12),IOB33,IO_L17N_T2_34,INPUT,LVCMOS33,34,,,,NONE,,LOCATED,NO,NONE,
T2,,,VCCO_34,,,34,,,,,3.30,,,,
T3,sw(11),IOB33,IO_L11N_T1_SRCC_34,INPUT,LVCMOS33,34,,,,NONE,,LOCATED,NO,NONE,
T4,Led(5),IOB33,IO_L12N_T1_MRCC_34,OUTPUT,LVCMOS33,34,12,SLOW,,,,LOCATED,NO,NONE,
T5,Led(4),IOB33,IO_L12P_T1_MRCC_34,OUTPUT,LVCMOS33,34,12,SLOW,,,,LOCATED,NO,NONE,
T6,Led(3),IOB33,IO_L23N_T3_34,OUTPUT,LVCMOS33,34,12,SLOW,,,,LOCATED,YES,NONE,
T7,,,GND,,,,,,,,,,,,
T8,Led(0),IOB33,IO_L24N_T3_34,OUTPUT,LVCMOS33,34,12,SLOW,,,,LOCATED,YES,NONE,
T9,,IOB33M,IO_L24P_T3_A01_D17_14,UNUSED,,14,,,,,,,,,
T10,address(20),IOB33,IO_L24N_T3_A00_D16_14,OUTPUT,LVCMOS33,14,12,SLOW,,,,LOCATED,YES,NONE,
T11,data(1),IOB33,IO_L19P_T3_A10_D26_14,BIDIR,LVCMOS33,14,12,SLOW,,NONE,,LOCATED,YES,NONE,
T12,,,VCCO_14,,,14,,,,,3.30,,,,
T13,RamAdv,IOB33,IO_L23P_T3_A03_D19_14,OUTPUT,LVCMOS33,14,12,SLOW,,,,LOCATED,NO,NONE,
T14,,IOB33M,IO_L14P_T2_SRCC_14,UNUSED,,14,,,,,,,,,
T15,RamClk,IOB33,IO_L14N_T2_SRCC_14,OUTPUT,LVCMOS33,14,12,SLOW,,,,LOCATED,NO,NONE,
T16,btn(2),IOB33,IO_L15N_T2_DQS_DOUT_CSO_B_14,INPUT,LVCMOS33,14,,,,NONE,,LOCATED,NO,NONE,
T17,,,GND,,,,,,,,,,,,
T18,data(6),IOB33,IO_L7N_T1_D10_14,BIDIR,LVCMOS33,14,12,SLOW,,NONE,,LOCATED,YES,NONE,
U1,Led(13),IOB33,IO_L7P_T1_34,OUTPUT,LVCMOS33,34,12,SLOW,,,,LOCATED,NO,NONE,
U2,sw(10),IOB33,IO_L9P_T1_DQS_34,INPUT,LVCMOS33,34,,,,NONE,,LOCATED,NO,NONE,
U3,Led(9),IOB33,IO_L8N_T1_34,OUTPUT,LVCMOS33,34,12,SLOW,,,,LOCATED,NO,NONE,
U4,sw(8),IOB33,IO_L8P_T1_34,INPUT,LVCMOS33,34,,,,NONE,,LOCATED,NO,NONE,
U5,,,VCCO_34,,,34,,,,,3.30,,,,
U6,Led(7),IOB33,IO_L22N_T3_34,OUTPUT,LVCMOS33,34,12,SLOW,,,,LOCATED,NO,NONE,
U7,Led(6),IOB33,IO_L22P_T3_34,OUTPUT,LVCMOS33,34,12,SLOW,,,,LOCATED,NO,NONE,
U8,sw(1),IOB33,IO_25_34,INPUT,LVCMOS33,34,,,,NONE,,LOCATED,NO,NONE,
U9,sw(0),IOB33,IO_L21P_T3_DQS_34,INPUT,LVCMOS33,34,,,,NONE,,LOCATED,NO,NONE,
U10,,,GND,,,,,,,,,,,,
U11,,IOB33S,IO_L19N_T3_A09_D25_VREF_14,UNUSED,,14,,,,,,,,,
U12,data(2),IOB33,IO_L20P_T3_A08_D24_14,BIDIR,LVCMOS33,14,12,SLOW,,NONE,,LOCATED,YES,NONE,
U13,address(22),IOB33,IO_L23N_T3_A02_D18_14,OUTPUT,LVCMOS33,14,12,SLOW,,,,LOCATED,YES,NONE,
U14,address(9),IOB33,IO_L22P_T3_A05_D21_14,OUTPUT,LVCMOS33,14,12,SLOW,,,,LOCATED,YES,NONE,
U15,,,VCCO_14,,,14,,,,,3.30,,,,
U16,address(13),IOB33,IO_L18P_T2_A12_D28_14,OUTPUT,LVCMOS33,14,12,SLOW,,,,LOCATED,YES,NONE,
U17,address(19),IOB33,IO_L17P_T2_A14_D30_14,OUTPUT,LVCMOS33,14,12,SLOW,,,,LOCATED,YES,NONE,
U18,data(4),IOB33,IO_L17N_T2_A13_D29_14,BIDIR,LVCMOS33,14,12,SLOW,,NONE,,LOCATED,YES,NONE,
V1,Led(10),IOB33,IO_L7N_T1_34,OUTPUT,LVCMOS33,34,12,SLOW,,,,LOCATED,NO,NONE,
V2,sw(9),IOB33,IO_L9N_T1_DQS_34,INPUT,LVCMOS33,34,,,,NONE,,LOCATED,NO,NONE,
V3,,,GND,,,,,,,,,,,,
V4,Led(8),IOB33,IO_L10N_T1_34,OUTPUT,LVCMOS33,34,12,SLOW,,,,LOCATED,NO,NONE,
V5,sw(7),IOB33,IO_L10P_T1_34,INPUT,LVCMOS33,34,,,,NONE,,LOCATED,NO,NONE,
V6,sw(6),IOB33,IO_L20N_T3_34,INPUT,LVCMOS33,34,,,,NONE,,LOCATED,NO,NONE,
V7,sw(5),IOB33,IO_L20P_T3_34,INPUT,LVCMOS33,34,,,,NONE,,LOCATED,NO,NONE,
V8,,,VCCO_34,,,34,,,,,3.30,,,,
V9,Led(1),IOB33,IO_L21N_T3_DQS_34,OUTPUT,LVCMOS33,34,12,SLOW,,,,LOCATED,YES,NONE,
V10,btn(3),IOB33,IO_L21P_T3_DQS_14,INPUT,LVCMOS33,14,,,,NONE,,LOCATED,NO,NONE,
V11,,IOB33S,IO_L21N_T3_DQS_A06_D22_14,UNUSED,,14,,,,,,,,,
V12,address(11),IOB33,IO_L20N_T3_A07_D23_14,OUTPUT,LVCMOS33,14,12,SLOW,,,,LOCATED,YES,NONE,
V13,,,GND,,,,,,,,,,,,
V14,address(10),IOB33,IO_L22N_T3_A04_D20_14,OUTPUT,LVCMOS33,14,12,SLOW,,,,LOCATED,YES,NONE,
V15,,IOB33M,IO_L16P_T2_CSI_B_14,UNUSED,,14,,,,,,,,,
V16,address(8),IOB33,IO_L16N_T2_A15_D31_14,OUTPUT,LVCMOS33,14,12,SLOW,,,,LOCATED,YES,NONE,
V17,address(18),IOB33,IO_L18N_T2_A11_D27_14,OUTPUT,LVCMOS33,14,12,SLOW,,,,LOCATED,YES,NONE,
V18,,,VCCO_14,,,14,,,,,3.30,,,,

# -----,-----,-----,-----,-----,-----,-----,-----,-----,-----,-----,-----,-----,-----,-----,
# 
#* Default value.
#** This default Pullup/Pulldown value can be overridden in Bitgen. 
#All RSVD_0 pins must be tied to GROUND.
#****** Special VCCO requirements may apply. Please consult the device 
#       family datasheet for specific guideline on VCCO requirements. 
#
#
#